,uniprot,AF_mut,ddg,temperature,ph,measure,method,effect,SS,DOI,gene,organism,pLDDT,gene_annotate
106,P48052,A46G,1.2,298.15,7.0,Fluorescence,Urea,destabilizing,T,10.1006/jmbi.1998.2158,CPA2,Homo sapiens,84.55,not cancer gene
107,P48052,A65G,1.4,298.15,7.0,Fluorescence,Urea,destabilizing,E,10.1006/jmbi.1998.2158,CPA2,Homo sapiens,97.19,not cancer gene
108,P48052,D53A,-0.36,298.15,7.0,Fluorescence,Urea,stabilizing,E,10.1006/jmbi.1998.2158,CPA2,Homo sapiens,96.21,not cancer gene
109,P48052,E29A,0.3,298.15,7.0,Fluorescence,Urea,destabilizing,E,10.1006/jmbi.1998.2158,CPA2,Homo sapiens,98.64,not cancer gene
110,P48052,E35G,1.42,298.15,7.0,Fluorescence,Urea,destabilizing,H,10.1006/jmbi.1998.2158,CPA2,Homo sapiens,95.66,not cancer gene
111,P48052,F54L,1.88,298.15,7.0,Fluorescence,Urea,destabilizing,E,10.1006/jmbi.1998.2158,CPA2,Homo sapiens,96.05,not cancer gene
112,P48052,F80A,0.98,298.15,7.0,Fluorescence,Urea,destabilizing,H,10.1006/jmbi.1998.2158,CPA2,Homo sapiens,96.73,not cancer gene
113,P48052,H66A,0.61,298.15,7.0,Fluorescence,Urea,destabilizing,E,10.1006/jmbi.1998.2158,CPA2,Homo sapiens,98.28,not cancer gene
114,P48052,I30V,0.43,298.15,7.0,Fluorescence,Urea,destabilizing,E,10.1006/jmbi.1998.2158,CPA2,Homo sapiens,98.4,not cancer gene
115,P48052,I38V,-0.42,298.15,7.0,Fluorescence,Urea,stabilizing,H,10.1006/jmbi.1998.2158,CPA2,Homo sapiens,95.41,not cancer gene
116,P48052,I86V,1.31,298.15,7.0,Fluorescence,Urea,destabilizing,-,10.1006/jmbi.1998.2158,CPA2,Homo sapiens,98.06,not cancer gene
117,P48052,I90A,1.31,298.15,7.0,Fluorescence,Urea,destabilizing,E,10.1006/jmbi.1998.2158,CPA2,Homo sapiens,98.48,not cancer gene
118,P48052,K56A,1.98,298.15,7.0,Fluorescence,Urea,destabilizing,E,10.1006/jmbi.1998.2158,CPA2,Homo sapiens,95.12,not cancer gene
119,P48052,L41V,0.97,298.15,7.0,Fluorescence,Urea,destabilizing,H,10.1006/jmbi.1998.2158,CPA2,Homo sapiens,95.59,not cancer gene
120,P48052,N73A,0.08,298.15,7.0,Fluorescence,Urea,destabilizing,G,10.1006/jmbi.1998.2158,CPA2,Homo sapiens,97.49,not cancer gene
121,P48052,Q75G,0.49,298.15,7.0,Fluorescence,Urea,destabilizing,H,10.1006/jmbi.1998.2158,CPA2,Homo sapiens,97.22,not cancer gene
122,P48052,V27A,1.1,298.15,7.0,Fluorescence,Urea,destabilizing,E,10.1006/jmbi.1998.2158,CPA2,Homo sapiens,98.7,not cancer gene
123,P48052,V67A,1.08,298.15,7.0,Fluorescence,Urea,destabilizing,E,10.1006/jmbi.1998.2158,CPA2,Homo sapiens,98.13,not cancer gene
124,P48052,V79G,1.1,298.15,7.0,Fluorescence,Urea,destabilizing,H,10.1006/jmbi.1998.2158,CPA2,Homo sapiens,97.64,not cancer gene
125,P48052,Y88L,2.78,298.15,7.0,Fluorescence,Urea,destabilizing,E,10.1006/jmbi.1998.2158,CPA2,Homo sapiens,98.48,not cancer gene
